fecha,tavg,tmin,tmax,prcp,snow,wdir,wspd,wpgt,pres,tsun
2024-01-01 00:00:00,24.3,21.1,26.5,0,,,17.4,,1013.2,
2024-01-02 00:00:00,23.7,19.6,27.2,4.1,,,21.1,,1013.1,
2024-01-03 00:00:00,24.1,22.2,26.3,1.4,,,26.6,,1015.5,
2024-01-04 00:00:00,24.6,22,27.5,0,,,23,,1015.8,
2024-01-05 00:00:00,25.4,22.5,28.5,0,,,17.8,,1013,
2024-01-06 00:00:00,26.2,23.6,29.5,4.5,,,14.5,,1008.9,
2024-01-07 00:00:00,24.5,21,29,14.2,,,12.8,,1007.9,
2024-01-08 00:00:00,24.5,20.2,28.4,23.1,,,9.6,,1008.7,
2024-01-09 00:00:00,27.6,23.5,30.5,0,,,10.1,,1010.2,
2024-01-10 00:00:00,26.2,23.6,28.7,0,,,15.5,,1009.9,
2024-01-11 00:00:00,23.8,21,29,2,,,21.1,,1015.6,
2024-01-12 00:00:00,21.2,18.5,26.3,0,,,21.4,,1017.3,
2024-01-13 00:00:00,24.6,21,29.5,0.2,,,17.6,,1012.2,
2024-01-14 00:00:00,26.9,20.5,31.6,2.9,,,10.6,,1009,
2024-01-15 00:00:00,25.5,22.3,32.6,0,,,15.5,,1010.5,
2024-01-16 00:00:00,23.3,20.5,26.7,13.8,,,16.8,,1010.9,
2024-01-17 00:00:00,23.9,20.6,26.3,0,,,16.4,,1015.8,
2024-01-18 00:00:00,24.7,22.7,27,0,,,15.4,,1011.4,
2024-01-19 00:00:00,24.9,21,28,0.3,,,15.8,,1012.8,
2024-01-20 00:00:00,22.7,19,28.5,0,,,19.6,,1016.2,
2024-01-21 00:00:00,22.6,20,26.5,0,,,21.7,,1019.5,
2024-01-22 00:00:00,23.4,21,26,0,,,18.8,,1021.9,
2024-01-23 00:00:00,23.6,12.1,26.6,0,,,21.7,,1020.1,
2024-01-24 00:00:00,24.3,21.2,27.2,0,,,21.6,,1017.7,
2024-01-25 00:00:00,25.3,22.4,28,0,,,18.2,,1017.9,
2024-01-26 00:00:00,25.3,22,28.2,0,,,20.7,,1019.2,
2024-01-27 00:00:00,24.8,21.8,28.5,0,,,21.3,,1017.4,
2024-01-28 00:00:00,24.8,22.3,28.3,0,,,19.7,,1015.6,
2024-01-29 00:00:00,25.7,23.4,28.6,0,,,14.7,,1013.9,
2024-01-30 00:00:00,27.6,24,31.3,0,,,10.5,,1012,
2024-01-31 00:00:00,29.2,26.5,31.5,0.8,,,8,,1012.4,
2024-02-01 00:00:00,30.5,26.9,34.1,0,,,11.8,,1015.3,
2024-02-02 00:00:00,29.4,26,34.2,0,,,16,,1014.9,
2024-02-03 00:00:00,29.4,25.5,32.5,0.6,,,16.9,,1011.2,
2024-02-04 00:00:00,22.8,19,33,0,,,26.2,,1016.7,
2024-02-05 00:00:00,24.1,20.6,29.4,0,,,23.3,,1014.7,
2024-02-06 00:00:00,27.8,21.6,31.8,0,,,16.6,,1014.2,
2024-02-07 00:00:00,28.9,26.5,31.5,0,,,12,,1010.9,
2024-02-08 00:00:00,27.2,23.8,30.7,0.3,,,14,,1010.2,
2024-02-09 00:00:00,26.4,22.7,31.7,0,,,17.2,,1011.2,
2024-02-10 00:00:00,26.8,24,31.2,48,,,9.5,,1009.5,
2024-02-11 00:00:00,28.4,24,31.2,0,,,7.8,,1010.4,
2024-02-12 00:00:00,24.3,18,29.1,7.8,,,15.6,,1010,
2024-02-13 00:00:00,19.2,14.4,25.5,0,,,13.9,,1022,
2024-02-14 00:00:00,20.7,16.7,25.5,0,,,17.6,,1021.8,
2024-02-15 00:00:00,23.2,19.6,26.1,0,,,21.3,,1018.6,
2024-02-16 00:00:00,24.4,22.4,26.2,0,,,22.5,,1016.4,
2024-02-17 00:00:00,24.6,22.7,26.5,0,,,19.5,,1014.6,
2024-02-18 00:00:00,25.2,23.1,26.5,3.3,,,17.2,,1014.1,
2024-02-19 00:00:00,24.5,22.1,26.9,0,,,14.1,,1012.6,
2024-02-20 00:00:00,25,23.4,27.6,0.4,,,18.2,,1011.2,
2024-02-21 00:00:00,25.9,24,28.5,0,,,17,,1010.2,
2024-02-22 00:00:00,26.3,23.5,29,0,,,18,,1007.4,
2024-02-23 00:00:00,25.7,22.5,28.7,0,,,9.8,,1012.4,
2024-02-24 00:00:00,23.9,20.7,29,0,,,25.5,,1021.4,
2024-02-25 00:00:00,23.2,20.5,25.6,0.2,,,28.6,,1022.7,
2024-02-26 00:00:00,22.6,20.1,26,14.7,,,19.4,,1016.2,
2024-02-27 00:00:00,24.2,21.5,26.3,0,,,12.3,,1011.6,
2024-02-28 00:00:00,25.4,22.5,28.2,0,,,7.8,,1011.9,
2024-02-29 00:00:00,25.2,23,27.1,3.3,,,18.4,,1014.8,
2024-03-01 00:00:00,24.1,21.8,28,0,,,21.4,,1014.7,
2024-03-02 00:00:00,25.3,23,27.7,0,,,13.6,,1008.9,
2024-03-03 00:00:00,21.1,17.2,25.1,0,,,18.3,,1017.1,
2024-03-04 00:00:00,21.1,17,24.7,0,,,9.3,,1018.6,
2024-03-05 00:00:00,19.6,16.6,21.5,0,,,10,,1019,
2024-03-06 00:00:00,20.6,18,23.9,0,,,12.5,,1016.2,
2024-03-07 00:00:00,23.3,19.5,27.5,0,,,15.3,,1014.5,
2024-03-08 00:00:00,24.5,21,27.2,0,,,16.7,,1010.2,
2024-03-09 00:00:00,25.9,21.5,30.9,7.1,,,10.5,,1008.7,
2024-03-10 00:00:00,24.2,21.7,25.8,0,,,18.8,,1014.5,
2024-03-11 00:00:00,23,19.8,26.3,28.8,,,20.2,,1013.3,
2024-03-12 00:00:00,21.7,18.7,23.7,32.8,,,24.2,,1010.5,
2024-03-13 00:00:00,22.4,18,24.1,29.7,,,12.7,,1009.7,
2024-03-14 00:00:00,22.4,21.4,24.3,30,,,9,,1009.6,
2024-03-15 00:00:00,22.7,21,25.1,0.2,,,11.4,,1009.8,
2024-03-16 00:00:00,23.9,22.2,26,5.3,,,6.8,,1007,
2024-03-17 00:00:00,23.2,20.6,26.1,0,,,17.8,,1011.7,
2024-03-18 00:00:00,23.6,20.2,25.4,9.6,,,15.8,,1009.1,
2024-03-19 00:00:00,23.4,19.7,26.6,8.4,,,17.7,,1008.1,
2024-03-20 00:00:00,22.6,20.7,24.2,37.9,,,19.5,,1001.6,
2024-03-21 00:00:00,18.9,14.6,24,0,,,12.2,,1016.3,
2024-03-22 00:00:00,18.1,13.7,20.7,0,,,9.1,,1024.6,
2024-03-23 00:00:00,20.6,18,24,0,,,19.2,,1020.1,
2024-03-24 00:00:00,23.4,18.4,27,0,,,9.2,,1015.5,
2024-03-25 00:00:00,22.4,19.9,27.4,0,,,14.7,,1018,
2024-03-26 00:00:00,20.8,18.1,23,0,,,17.4,,1018.3,
2024-03-27 00:00:00,22,20.3,25,0,,,14.1,,1017.1,
2024-03-28 00:00:00,23.5,22,25,0,,,10.8,,1018,
2024-03-29 00:00:00,23.9,22,27,0,,,13.1,,1015,
2024-03-30 00:00:00,24.8,20,29,0,,,12.9,,1010.9,
2024-03-31 00:00:00,20.2,19,22,0.5,,,24.8,,1015.2,
2024-04-01 00:00:00,18.1,17,19,0,,,20.7,,1018,
2024-04-02 00:00:00,19.2,16,21.1,0.3,,,13.8,,1015.2,
2024-04-03 00:00:00,18.6,16,21.3,28.9,2,,15.8,,1011.8,
2024-04-04 00:00:00,18.5,14.5,21.6,0,1,,6.1,,1016.4,
2024-04-05 00:00:00,20.6,16.7,24.1,0,,,5.2,,1019.5,
2024-04-06 00:00:00,21.7,18.5,24.5,0,,,12.6,,1017.6,
2024-04-07 00:00:00,21.3,19.2,24.5,0,,,11.8,,1016.2,
2024-04-08 00:00:00,21.3,19.7,23.9,0,,,11.6,,1013.7,
2024-04-09 00:00:00,22.4,19,26.6,1,,,7.8,,1014.6,
2024-04-10 00:00:00,16.6,13.5,27,0,,,19.4,,1021.1,
2024-04-11 00:00:00,15.7,13.4,18.2,0,,,20.1,,1025.1,
2024-04-12 00:00:00,17.5,14.1,19.7,0.4,,,25.8,,1023.3,
2024-04-13 00:00:00,18.3,16.5,20,28,1,,37.4,,1017.4,
2024-04-14 00:00:00,19.5,17.6,21,78,,,20.2,,1011.8,
2024-04-15 00:00:00,21.5,19,23.2,0,2,,22.2,,1004.4,
2024-04-16 00:00:00,17.9,15.6,24,0,1,,13.3,,1006.4,
2024-04-17 00:00:00,18.3,14.4,24,0,,,12,,1014,
2024-04-18 00:00:00,17.9,12.9,21.1,0,,,7.7,,1016.4,
2024-04-19 00:00:00,20.3,15.7,24.7,0,,,12.7,,1012.5,
2024-04-20 00:00:00,20.9,17.6,25.5,0,,,8.5,,1013.5,
2024-04-21 00:00:00,20.3,18.6,22.2,14.3,,,22.4,,1013.8,
2024-04-22 00:00:00,18.6,16,21,24.9,,,26,,1012.2,
2024-04-23 00:00:00,19.7,17.5,22,0,1,,8,,1013.3,
2024-04-24 00:00:00,16.1,12.5,22.1,0,,,10,,1018.9,
2024-04-25 00:00:00,16.4,14.2,20,9.5,,,19.6,,1015.5,
2024-04-26 00:00:00,18.3,15,20,22.1,,,12.3,,1007.6,
2024-04-27 00:00:00,15.8,13.5,20,5.1,,,8.2,,1012.8,
2024-04-28 00:00:00,14.6,9.6,19.2,0,,,9.2,,1013.8,
2024-04-29 00:00:00,17.1,13,19.1,1.1,,,18.2,,1008.4,
2024-04-30 00:00:00,19,15.5,20.4,0,,,8.6,,1005.9,
2024-05-01 00:00:00,16.3,14,18,0,,,14.2,,1011.7,
2024-05-02 00:00:00,13.2,9.8,18.2,0,,,9.3,,1015.2,
2024-05-03 00:00:00,12.5,8.4,16.5,0,,,8.8,,1016.3,
2024-05-04 00:00:00,15.6,13,18.2,0,,,13.8,,1014,
2024-05-05 00:00:00,18.6,14.7,20,0.3,,,9.8,,1010.9,
2024-05-06 00:00:00,18.5,17.3,19.8,3,,,11.6,,1007,
2024-05-07 00:00:00,17.7,16.8,20.6,0.2,,,14,,1004.4,
2024-05-08 00:00:00,16.6,11.7,19.1,0,,,14.2,,1008.9,
2024-05-09 00:00:00,12.1,6.8,18.7,0,,,10,,1020.2,
2024-05-10 00:00:00,14.7,9.9,16.7,0,,,13.2,,1017,
2024-05-11 00:00:00,14.1,12.2,17.2,0,,,16.6,,1017.9,
2024-05-12 00:00:00,11.3,9.5,17.7,6.9,,,13.7,,1017.6,
2024-05-13 00:00:00,10,5.8,13.7,3,,,10.6,,1024,
2024-05-14 00:00:00,10.2,6.7,14.8,0,,,7.2,,1025.3,
2024-05-15 00:00:00,11.4,7.5,16.1,0,,,9,,1019.7,
2024-05-16 00:00:00,13.2,9.7,17.4,0,,,8.9,,1013.9,
2024-05-17 00:00:00,11.3,8.7,18,0,,,7.2,,1018.5,
2024-05-18 00:00:00,10.1,5.8,15,0,,,7.2,,1025.8,
2024-05-19 00:00:00,10.1,6.5,14.5,0,,,4.5,,1025.8,
2024-05-20 00:00:00,12.4,8,15.6,0,,,16.3,,1019.4,
2024-05-21 00:00:00,13.3,10.7,16,0,,,11,,1016.4,
2024-05-22 00:00:00,13.3,11.6,14.2,0,,,9,,1015.5,
2024-05-23 00:00:00,13.5,10.7,15.7,0.3,,,15.9,,1018,
2024-05-24 00:00:00,9.8,6.7,16,0,,,14,,1025.2,
2024-05-25 00:00:00,7.9,3.9,12.2,0,,,7.8,,1030.3,
2024-05-26 00:00:00,9.3,5.5,11.9,0.1,,,12.5,,1030,
2024-05-27 00:00:00,9.6,7.5,11.5,1.7,,,11.2,,1027.5,
2024-05-28 00:00:00,10.3,8.1,12.5,0.5,,,8.2,,1026.8,
2024-05-29 00:00:00,12.8,9.5,15.7,0,,,11.2,,1024.3,
2024-05-30 00:00:00,14.4,11.5,16.5,0,,,6.7,,1023.7,
2024-05-31 00:00:00,13.8,11,16.6,0,,,11.8,,1020.8,
2024-06-01 00:00:00,16.6,13.1,23,0.2,,,8.5,,1013.6,
2024-06-02 00:00:00,13,9.6,16.4,0,,,8.6,,1017.6,
2024-06-03 00:00:00,9,6,14.5,0,,,12.6,,1029.4,
2024-06-04 00:00:00,10.3,5.8,12.6,0,,,16.4,,1025.8,
2024-06-05 00:00:00,12.9,8.7,14.7,0,1,,11.3,,1018.4,
2024-06-06 00:00:00,15.2,11.8,16.1,0,,,6.5,,1016.4,
2024-06-07 00:00:00,16.1,13.7,18.5,5.5,,,14.4,,1018.1,
2024-06-08 00:00:00,17.8,15,21,0,,,8.5,,1013.2,
2024-06-09 00:00:00,20.7,16.2,26.2,0.1,,,9.9,,1005,
2024-06-10 00:00:00,16.3,13.5,26.5,0,,,12.8,,1015.4,
2024-06-11 00:00:00,14.4,12,19.8,0,,,16.9,,1016.1,
2024-06-12 00:00:00,16.7,12.3,19.2,0.1,,,8.3,,1009.1,
2024-06-13 00:00:00,20.3,15.5,23.2,0,,,8.8,,999.6,
2024-06-14 00:00:00,19.6,16.6,21.9,12.8,,,9,,1005.8,
2024-06-15 00:00:00,15.9,12.8,21.5,0,,,6.3,,1018.1,
2024-06-16 00:00:00,14.8,12.5,19.8,0,,,13.7,,1020.1,
2024-06-17 00:00:00,14.5,12.7,16.2,0,,,13.7,,1014.4,
2024-06-18 00:00:00,16.2,13.5,17.4,0,,,10.2,,1007.7,
2024-06-19 00:00:00,16.3,13.8,18.1,0.8,,,6.6,,1012.5,
2024-06-20 00:00:00,13.1,8.8,18.7,0,,,19.7,,1018.7,
2024-06-21 00:00:00,15.3,9.9,18.1,18.1,4,,14.2,,1009.3,
2024-06-22 00:00:00,17.1,13.5,18.7,2.5,1,,8.9,,1007.4,
2024-06-23 00:00:00,12.9,7.8,17.6,0.3,,,12.4,,1013.8,
2024-06-24 00:00:00,9.3,5.7,15.5,0,,,10.2,,1023.5,
2024-06-25 00:00:00,9.4,6,12,2.7,,,9.5,,1026.8,
2024-06-26 00:00:00,9.4,6,13.5,1.8,1,,16,,1018.4,
2024-06-27 00:00:00,12.2,6.5,16.6,0,,,15.6,,1006.8,
2024-06-28 00:00:00,11.1,7,17.3,0,,,12.2,,1014.5,
2024-06-29 00:00:00,6.8,3.2,12.1,0,,,11.2,,1023.3,
2024-06-30 00:00:00,7.9,2.4,14.5,0,,,12.4,,1020,
2024-07-01 00:00:00,11.9,4,16.2,0,,,11.4,,1017.1,
2024-07-02 00:00:00,12.9,7,19.2,0,,,10.5,,1013.9,
2024-07-03 00:00:00,11.3,6.5,19.5,0,,,9.1,,1016.9,
2024-07-04 00:00:00,9.4,4.7,13.1,0,,,5.9,,1019.4,
2024-07-05 00:00:00,8.2,3.8,13.8,0,,,8.7,,1025.7,
2024-07-06 00:00:00,6.6,1.5,12,0,,,6.8,,1028.1,
2024-07-07 00:00:00,7.8,3,10.2,0,,,9.6,,1029.4,
2024-07-08 00:00:00,6.1,2.8,10.5,0,,,7.6,,1030.8,
2024-07-09 00:00:00,5.5,2.1,9,0,,,7.6,,1029.6,
2024-07-10 00:00:00,6.1,1.6,9.5,0,,,4.5,,1023.8,
2024-07-11 00:00:00,6.7,1.5,11,0,,,4.8,,1026.3,
2024-07-12 00:00:00,8.4,4,13.2,0,,,4.8,,1034.2,
2024-07-13 00:00:00,8.2,4.5,14,0,,,4.6,,1033.5,
2024-07-14 00:00:00,8.3,4.3,12.1,0,,,8.9,,1031.3,
2024-07-15 00:00:00,10.6,6,14.6,0,,,11.2,,1031.2,
2024-07-16 00:00:00,11.7,8.5,15,0,,,11.5,,1027.6,
2024-07-17 00:00:00,12.9,9.8,17.1,0,,,5.8,,1023.5,
2024-07-18 00:00:00,13.4,11,17,0,,,8.7,,1019.2,
2024-07-19 00:00:00,12,9,14.2,0.1,,,16.9,,1027,
2024-07-20 00:00:00,9.8,8.5,11.2,2.2,,,24.5,,1026.2,
2024-07-21 00:00:00,12.4,9.1,14.7,4.1,,,7.1,,1020.6,
2024-07-22 00:00:00,12.4,11,14.9,0,,,6.9,,1022,
2024-07-23 00:00:00,11.8,10.3,14,0,,,7.6,,1019.4,
2024-07-24 00:00:00,15.3,11,17.7,11.5,,,7.4,,1014.8,
2024-07-25 00:00:00,15.7,9.5,21.7,0,,,5.6,,1017.1,
2024-07-26 00:00:00,13.7,10.1,22,0,,,9.8,,1019.2,
2024-07-27 00:00:00,14.1,9.4,20.2,0,,,5.6,,1020.1,
2024-07-28 00:00:00,10.8,8.6,12.7,0,,,11.7,,1026.6,
2024-07-29 00:00:00,8.7,6.4,13.7,0,,,13,,1032.5,
2024-07-30 00:00:00,9.7,7,12.7,0,,,17.6,,1026.4,
2024-07-31 00:00:00,12.7,7.1,15.6,0,,,12.7,,1016.8,
2024-08-01 00:00:00,16.9,10.8,21,0.4,,,7.8,,1008.7,
2024-08-02 00:00:00,20.1,15.9,23.7,0,,,10.7,,1002,
2024-08-03 00:00:00,17.2,12.5,24.4,22.2,2,,12.5,,1009.4,
2024-08-04 00:00:00,13.6,9.6,18.7,0,1,,12,,1021,
2024-08-05 00:00:00,13.6,11.8,15.7,0.7,,,21.3,,1017.3,
2024-08-06 00:00:00,16,12.8,17.5,1.9,,,10.7,,1009.9,
2024-08-07 00:00:00,12.5,9,18,0,,,12.2,,1012.9,
2024-08-08 00:00:00,8.1,5.1,15.5,6,,,11.2,,1014.7,
2024-08-09 00:00:00,7.9,4.3,11.5,0.2,,,11.1,,1023.5,
2024-08-10 00:00:00,9.6,4.3,16.5,0,,,15.5,,1017.8,
2024-08-11 00:00:00,13.5,10.7,15,0,,,13.9,,1018,
2024-08-12 00:00:00,8.7,5,12.1,0,,,10.2,,1026,
2024-08-13 00:00:00,11.8,5.8,17.2,0,,,13.8,,1021.4,
2024-08-14 00:00:00,12.4,8.3,17.6,0,,,10.6,,1017.8,
2024-08-15 00:00:00,13.4,9.5,16.6,0,,,7,,1016.8,
2024-08-16 00:00:00,10.6,8.5,17.7,0,,,19.2,,1020.7,
2024-08-17 00:00:00,11.6,8.5,14.5,0,,,19.8,,1020.4,
2024-08-18 00:00:00,13.3,10.8,15.7,0.3,,,14.6,,1017.7,
2024-08-19 00:00:00,12.3,9.6,13.5,0,,,18.3,,1021.4,
2024-08-20 00:00:00,9.6,5.8,13.8,18.1,,,29,,1024.4,
2024-08-21 00:00:00,11.8,8.3,14.1,11.6,2,,18.9,,1012.1,
2024-08-22 00:00:00,9.8,7.8,14.3,0,,,11.4,,1015.4,
2024-08-23 00:00:00,8.9,5.3,12.5,0,,,9.1,,1021.9,
2024-08-24 00:00:00,10.1,6.3,13.7,0.1,,,6,,1027.3,
2024-08-25 00:00:00,8.4,6.5,11.2,0,,,8.6,,1031.3,
2024-08-26 00:00:00,8.9,5.3,12.2,0,,,11.6,,1028.5,
2024-08-27 00:00:00,11.6,7,15,,,,8,,1027,
2024-08-28 00:00:00,12.8,9.8,16,,,,13.3,,1024.7,
2024-08-29 00:00:00,12.9,9.9,16.5,,,,16.3,,1024.5,
2024-08-30 00:00:00,11.8,11,13,,,,33.7,,1025,
2024-08-31 00:00:00,11.3,10.3,12.5,84.1,,,33.1,,1017.2,
2024-09-01 00:00:00,11.4,8.8,15.1,24.9,,,12.7,,1019.3,
2024-09-02 00:00:00,12.5,9.1,15.6,0,,,13.3,,1013.2,
2024-09-03 00:00:00,16,9.8,19.7,,,,7.2,,1015.1,
2024-09-04 00:00:00,15.1,11,20.5,0,,,7.5,,1021.2,
2024-09-05 00:00:00,13.2,8.3,20.4,0,,,11.6,,1022.9,
2024-09-06 00:00:00,15.5,11,21,0,,,15.1,,1012.6,
2024-09-07 00:00:00,16.6,11.8,21.3,0,,,7.2,,1014.9,
2024-09-08 00:00:00,15.3,11.3,20.9,0,,,12.8,,1019.6,
2024-09-09 00:00:00,15.4,13.7,18.3,0.2,,,18.6,,1015.1,
2024-09-10 00:00:00,15.4,13.8,18,0,,,6.4,,1009.5,
2024-09-11 00:00:00,14.6,12.4,17,0,,,13,,1015.2,
2024-09-12 00:00:00,13.8,9.7,16.5,0,,,12.1,,1018.4,
2024-09-13 00:00:00,14.6,12,17,0,,,13.1,,1016.1,
2024-09-14 00:00:00,14.6,10.3,19,0,,,12.1,,1022.9,
2024-09-15 00:00:00,14,10.8,19.5,0,,,15,,1024.6,
2024-09-16 00:00:00,17.8,11.3,25.5,0,,,10.3,,1023,
2024-09-17 00:00:00,17.9,14.8,26,0,,,10.7,,1019.1,
2024-09-18 00:00:00,18.4,15.8,21,0,,,14.2,,1014.4,
2024-09-19 00:00:00,19.6,17.1,22.5,14.7,,,12.1,,1005.5,
2024-09-20 00:00:00,18.7,13.4,23.5,0,2,,8,,1014,
2024-09-21 00:00:00,18.8,15,24,0,,,16.6,,1011.9,
2024-09-22 00:00:00,18.9,16.1,23.3,0.6,,,14.8,,1005.9,
2024-09-23 00:00:00,16.6,14.7,18.6,0,,,24.3,,1014.2,
2024-09-24 00:00:00,16.6,14.5,19,0,,,29.6,,1015.3,
2024-09-25 00:00:00,16.6,14.3,19.6,0,,,25.5,,1015.8,
2024-09-26 00:00:00,15.1,11.5,19.3,0,,,18.5,,1023.2,
2024-09-27 00:00:00,15.3,11.8,19.4,0,,,11.5,,1020.7,
2024-09-28 00:00:00,18,14.3,22,0,,,10.8,,1015.9,
2024-09-29 00:00:00,20.4,17,24.6,0,,,10.5,,1011.8,
2024-09-30 00:00:00,22.6,18.8,27.2,11.2,,,9.4,,1002.4,
2024-10-01 00:00:00,18.8,14.7,27.6,0,,,14,,1010.7,
2024-10-02 00:00:00,16.6,13.3,21.6,0,,,9.8,,1018.6,
2024-10-03 00:00:00,14.9,10.5,20,0,,,12.3,,1024.6,
2024-10-04 00:00:00,16.8,12.9,21.1,0,,,18.6,,1022.2,
2024-10-05 00:00:00,18.6,14.8,23.1,0,,,15.7,,1019.2,
2024-10-06 00:00:00,17.8,15.8,23.3,0,,,30,,1019.4,
2024-10-07 00:00:00,18.2,16.7,20.1,0,,,17.5,,1014.8,
2024-10-08 00:00:00,17.1,14.2,20.5,0,,,18.9,,1019,
2024-10-09 00:00:00,16.6,13.7,21.2,0.2,,,25.6,,1023.6,
2024-10-10 00:00:00,17.6,15.2,19.7,0,,,19.4,,1016,
2024-10-11 00:00:00,21.8,15.9,28.7,0,,,8.9,,1009,
2024-10-12 00:00:00,18.5,12.8,28.8,7.1,,,13.6,,1017.5,
2024-10-13 00:00:00,18.2,15.8,21,0.3,,,9.3,,1023,
2024-10-14 00:00:00,18.2,16.5,19.8,0,,,17.2,,1021.8,
2024-10-15 00:00:00,19.3,16.3,21.6,0.1,1,,9,,1017.3,
2024-10-16 00:00:00,19.8,17.2,22.9,0,,,15.7,,1016.4,
2024-10-17 00:00:00,19.5,16.5,23.5,0.2,,,12.6,,1015.8,
2024-10-18 00:00:00,20,17,24.1,0,,,14.7,,1017.8,
2024-10-19 00:00:00,21.1,17.1,25.5,0,,,12.9,,1014.6,
2024-10-20 00:00:00,22.7,18.2,27.2,0,,,17.2,,1009.6,
2024-10-21 00:00:00,24.9,19.6,29,0.2,,,11.4,,1011.5,
2024-10-22 00:00:00,23.7,20,29,0,,,24.5,,1015.9,
2024-10-23 00:00:00,20.8,18.8,25.7,39.8,,,21.6,,1008.4,
2024-10-24 00:00:00,18.2,16.2,21.7,6.4,,,9.5,,1000.9,
2024-10-25 00:00:00,16.2,13.2,20.2,3.8,,,11.4,,1007.2,
2024-10-26 00:00:00,16.6,8.7,25,0,1,,11.1,,1017.1,
2024-10-27 00:00:00,20.5,14.7,25.1,0,,,12.8,,1018.9,
2024-10-28 00:00:00,22.2,17.3,26.5,0,,,13.2,,1016.9,
2024-10-29 00:00:00,23.6,18.8,27.9,0,,,11.6,,1016.8,
2024-10-30 00:00:00,23.7,21.2,28,0,,,16.5,,1015.7,
2024-10-31 00:00:00,22.9,20,26.4,0,,,18.8,,1012,
2024-11-01 00:00:00,24.9,20.8,28.9,0,,,14.6,,1006.7,
2024-11-02 00:00:00,23.3,20.5,28.9,10.2,,,14.8,,1010.6,
2024-11-03 00:00:00,19.4,14.7,22.9,0,,,26.5,,1016.8,
2024-11-04 00:00:00,20.3,17.4,23.2,22.5,,,14.2,,1012.5,
2024-11-05 00:00:00,19.6,16,22.5,0,,,17.8,,1019.8,
2024-11-06 00:00:00,20.3,16.5,24.1,0,,,17.9,,1015.6,
2024-11-07 00:00:00,19.5,17.1,22.4,0.1,,,24.1,,1018.1,
2024-11-08 00:00:00,18.8,14.8,22.5,0.1,,,11.6,,1017.8,
2024-11-09 00:00:00,21.5,18.2,25.5,0,,,15.2,,1014.3,
2024-11-10 00:00:00,23.5,19.5,27.7,0.6,,,15.6,,1010,
2024-11-11 00:00:00,18.4,14.5,28,0.5,,,14.2,,1012.2,
2024-11-12 00:00:00,17.5,11.2,24.5,0,,,12.3,,1013.9,
2024-11-13 00:00:00,20.5,15.2,24.8,0,,,9.7,,1012.5,
2024-11-14 00:00:00,22.6,18.5,27.2,0,,,12.6,,1013.3,
2024-11-15 00:00:00,24.6,20.7,28.7,0,,,15.4,,1010.2,
2024-11-16 00:00:00,25.5,22.6,29.3,0,,,14.8,,1009.3,
2024-11-17 00:00:00,19.5,15.2,29.5,32.8,,,17.9,,1014.2,
2024-11-18 00:00:00,18,13,22,0,,,18.1,,1019,
2024-11-19 00:00:00,19.5,17,21,0,,,25.5,,1018.7,
2024-11-20 00:00:00,21,19,24,0,,,26.2,,1019.1,
2024-11-21 00:00:00,21.4,20,24,0,,,21.8,,1020.4,
2024-11-22 00:00:00,21.4,18.7,24.2,0,,,22.2,,1019.7,
2024-11-23 00:00:00,22.2,19.2,25.2,0,,,21.5,,1016.7,
2024-11-24 00:00:00,24.3,18.8,28.7,3.6,,,15.6,,1010.9,
2024-11-25 00:00:00,24,21.9,29.8,0.1,,,20.2,,1010.8,
2024-11-26 00:00:00,22.6,19.7,25.6,1.7,,,14.5,,1009.6,
2024-11-27 00:00:00,22.3,18.5,25.9,6.2,,,14.7,,1008.1,
2024-11-28 00:00:00,22.4,18.3,25.2,1,,,18.9,,1010.2,
2024-11-29 00:00:00,22.9,16.9,27.3,11.2,,,10.3,,1013,
2024-11-30 00:00:00,21.9,19.9,24,0.9,,,17.6,,1015.3,
2024-12-01 00:00:00,20.4,19,22.1,29.7,,,17.4,,1003.2,
2024-12-02 00:00:00,19.2,13.8,22.6,0,,,11.1,,1009.5,
2024-12-03 00:00:00,15.8,11.1,23,0,,,10.8,,1016,
2024-12-04 00:00:00,21,15.4,25.6,0,,,16.4,,1013.8,
2024-12-05 00:00:00,23.8,17.4,30,0.9,,,13.5,,1007.4,
2024-12-06 00:00:00,22.6,16.6,30.1,0.4,,,16.2,,1005.8,
2024-12-07 00:00:00,17.8,12.6,28,0,,,13.7,,1016.2,
2024-12-08 00:00:00,17.3,13.6,21.6,0,,,13.2,,1019,
2024-12-09 00:00:00,18.4,14.6,23.1,,,,12.5,,1016.8,
2024-12-10 00:00:00,22.2,16.8,25.8,,,,11.8,,1015.2,
2024-12-11 00:00:00,24.1,20.6,26.5,,,,18.8,,1012.8,
2024-12-12 00:00:00,25.2,20.8,29.2,,,,18,,1009.7,
2024-12-13 00:00:00,24.4,21.7,30,,,,11.6,,1008.9,
2024-12-14 00:00:00,23.1,18.3,28,0.3,,,15.1,,1010.7,
2024-12-15 00:00:00,21.1,16.9,29,0,,,15.8,,1014.1,
2024-12-16 00:00:00,20.4,15.5,28,0,,,15,,1016.8,
2024-12-17 00:00:00,22.1,19.1,25,0,,,21.6,,1017.7,
2024-12-18 00:00:00,24.2,20.7,26.5,0,,,14.8,,1013.3,
2024-12-19 00:00:00,23.3,18.4,27.3,0.4,,,9.2,,1009.4,
2024-12-20 00:00:00,25.5,20.9,30.6,3.8,,,14.2,,1007,
2024-12-21 00:00:00,19.3,15.8,30.6,0.3,,,14.7,,1017.2,
2024-12-22 00:00:00,20.4,15.8,25.2,0,,,16,,1019,
2024-12-23 00:00:00,23.9,17.8,28.9,0,,,14.8,,1014.1,
2024-12-24 00:00:00,22.2,17.2,28.9,1.5,,,10.8,,1015,
2024-12-25 00:00:00,18.4,14.8,26.3,0,,,11.6,,1016.5,
2024-12-26 00:00:00,19.8,14.1,23.9,0,,,12.9,,1013.5,
2024-12-27 00:00:00,21.4,16.8,24.7,0,,,9.6,,1013.8,
2024-12-28 00:00:00,21.3,18.3,24,0,,,17.8,,1018.4,
2024-12-29 00:00:00,21.6,18.3,25.2,0,,,19.8,,1017.4,
2024-12-30 00:00:00,22.9,19.5,26.2,0,,,20.6,,1013.8,
2024-12-31 00:00:00,24.3,20.8,28.2,0,,,19.8,,1010.9,
2025-01-01 00:00:00,25.4,22.8,29.1,3.9,,,13,,1008.2,
2025-01-02 00:00:00,26.3,20,31.5,0,,,10.3,,1007.5,
2025-01-03 00:00:00,22.9,17.2,31.6,0,,,10.1,,1010.2,
2025-01-04 00:00:00,20.9,16.3,28.1,0,,,13.8,,1013.4,
2025-01-05 00:00:00,21.3,17.8,23.2,0,,,18,,1014.8,
2025-01-06 00:00:00,21.9,18.7,25.2,0,,,19.4,,1014.5,
2025-01-07 00:00:00,23,19.6,26.7,0,,,17.9,,1013.9,
2025-01-08 00:00:00,23.8,20.8,27,0,,,17.4,,1014,
2025-01-09 00:00:00,24.6,20.8,29,0,,,17.6,,1012.4,
2025-01-10 00:00:00,24.7,20.8,29.5,0,,,17.1,,1013.2,
2025-01-11 00:00:00,24.2,21.3,28.2,0,,,21.2,,1015.8,
2025-01-12 00:00:00,24.2,21.1,27.4,0,,,19,,1015.7,
2025-01-13 00:00:00,25.4,22.3,28.2,0,,,18.4,,1012.3,
2025-01-14 00:00:00,25.8,21.7,29.6,0,,,16.5,,1010,
2025-01-15 00:00:00,26.5,21.3,30.6,0,,,15.7,,1009.8,
2025-01-16 00:00:00,27.9,24.3,32.6,0,,,16.6,,1010.4,
2025-01-17 00:00:00,26.7,22.8,33.4,0.9,,,21.2,,1012,
2025-01-18 00:00:00,25.1,22,30.1,1.4,,,22.1,,1013.9,
2025-01-19 00:00:00,23.2,21.2,26,19.6,,,18.4,,1012.7,
2025-01-20 00:00:00,22.4,18.3,26.5,9.4,,,21.1,,1012,
2025-01-21 00:00:00,23.7,19.8,27.5,0,,,14.6,,1011,
2025-01-22 00:00:00,27.4,21.9,31.6,0,,,12.5,,1012.2,
2025-01-23 00:00:00,27.6,24.3,32.2,0.2,,,15.8,,1012.1,
2025-01-24 00:00:00,27.5,22.6,31.2,2.5,,,11.4,,1009.4,
2025-01-25 00:00:00,26.4,22.3,31,0,,,14.9,,1013.8,
2025-01-26 00:00:00,27.1,21.7,29.7,0,,,16.1,,1014.5,
2025-01-27 00:00:00,25.4,21,27.2,4.1,,,15.9,,1010.5,
2025-01-28 00:00:00,25.4,20.3,27.5,0.1,,,15.6,,1013.8,
2025-01-29 00:00:00,24.8,21.3,28,0,,,21.4,,1016.3,
2025-01-30 00:00:00,25.2,22.8,28,0,,,21.6,,1015.7,
2025-01-31 00:00:00,24.8,21.6,27.5,0,,,16.9,,1011.8,
2025-02-01 00:00:00,26.1,21.3,30.2,0,,,12.6,,1009.1,
2025-02-02 00:00:00,27.6,23.3,32.5,0,,,13.8,,1007,
2025-02-03 00:00:00,29,24.8,33.7,0,,,9.5,,1006.1,
2025-02-04 00:00:00,27.5,25,34.3,6.6,,,16.7,,1009.1,
2025-02-05 00:00:00,23.5,22.1,25.5,26.2,,,17.2,,1009.1,
2025-02-06 00:00:00,23.2,18.7,26.5,0,,,8.9,,1011.2,
2025-02-07 00:00:00,25.7,21.8,28.7,0,,,14.2,,1015.7,
2025-02-08 00:00:00,27.1,23.5,29.7,0,,,14.9,,1013.8,
2025-02-09 00:00:00,24.6,18.1,30.1,0,,,23.8,,1016.2,
2025-02-10 00:00:00,27.8,20.5,36.2,0,,,15.7,,1007.8,
2025-02-11 00:00:00,24.7,15.2,36.3,12.5,,,15.4,,1007.1,
2025-02-12 00:00:00,22.9,19.4,24.7,0.1,,,20.6,,1012.8,
2025-02-13 00:00:00,23.9,20.4,27.6,0,,,14,,1016.8,
2025-02-14 00:00:00,24,22.2,27,5.6,,,24.2,,1013,
2025-02-15 00:00:00,23.5,20.3,27.3,0.8,,,12,,1008.7,
2025-02-16 00:00:00,25,21,28,0.9,,,12.3,,1006.4,
2025-02-17 00:00:00,24.9,21.8,28.6,0,,,11.5,,1010.4,
2025-02-18 00:00:00,18.1,13,28.5,0,,,11.4,,1018,
2025-02-19 00:00:00,22.2,16,26.1,0,,,11.7,,1012.8,
2025-02-20 00:00:00,25.4,20.6,30,0,,,13.5,,1012.5,
2025-02-21 00:00:00,28.1,24.5,31.2,1.7,,,13,,1013.3,
2025-02-22 00:00:00,25.4,23,27.7,0,,,18,,1014,
2025-02-23 00:00:00,26.8,23.2,29.6,0,,,13.9,,1012.6,
2025-02-24 00:00:00,25,22.2,27.6,0,,,12.8,,1011.4,
2025-02-25 00:00:00,25.4,21.3,27.2,0.5,,,7.2,,1011.3,
2025-02-26 00:00:00,24.6,22.1,26.2,0.4,,,23.3,,1015,
2025-02-27 00:00:00,24.3,21.3,27.2,0,,,20.5,,1014,
2025-02-28 00:00:00,25.5,21.9,28,14.7,,,13.7,,1009,
2025-03-01 00:00:00,24.7,21.5,27.4,0,,,10.8,,1009.8,
2025-03-02 00:00:00,23.4,21,24.7,13.7,,,16.8,,1015,
2025-03-03 00:00:00,23.5,19.3,25.3,29.8,,,12.5,,1013.7,
2025-03-04 00:00:00,24.9,21.1,27.2,19.1,,,19.3,,1012.7,
2025-03-05 00:00:00,27.8,23.6,31.1,15,,,9.8,,1010,
2025-03-06 00:00:00,29.6,25.6,34.7,7.2,,,12.5,,1011.3,
2025-03-07 00:00:00,29.4,27.5,31.6,0,,,14.5,,1011.5,
2025-03-08 00:00:00,21.9,18.3,32.1,15.3,,,11.5,,1016.9,
2025-03-09 00:00:00,18.4,13.7,22.5,0,,,11.5,,1024,
2025-03-10 00:00:00,19.7,16,23,0,,,14.7,,1017.8,
2025-03-11 00:00:00,19.9,16.3,23.3,0.2,,,17,,1019.4,
2025-03-12 00:00:00,18.2,15.9,22.5,0.9,,,15.4,,1025.4,
2025-03-13 00:00:00,17.4,14,21.2,0,,,9.8,,1023.6,
2025-03-14 00:00:00,18.3,14.7,21.6,,,,11,,1019.7,
2025-03-15 00:00:00,20.4,16.8,22.5,,,,15.6,,1019.9,
2025-03-16 00:00:00,21.4,18.3,25,,,,14.4,,1020.7,
2025-03-17 00:00:00,22.7,19.5,26.2,0,,,8.4,,1019,
2025-03-18 00:00:00,23.8,20.3,27,,,,10.9,,1017.1,
2025-03-19 00:00:00,24.8,21.3,28.6,,,,11.1,,1016.7,
2025-03-20 00:00:00,24.9,21.1,29.7,,,,9.3,,1016.8,
2025-03-21 00:00:00,25.9,22.4,29,,,,9.8,,1014.8,
2025-03-22 00:00:00,25.2,23.4,29.6,12.8,,,10.7,,1011.8,
2025-03-23 00:00:00,21.4,18.8,27.6,3.9,,,12.6,,1013.6,
2025-03-24 00:00:00,21.2,18.6,24.2,4.3,,,14.6,,1016.4,
2025-03-25 00:00:00,20.7,16.8,24.9,0,,,18.8,,1020.3,
2025-03-26 00:00:00,21.1,18.3,24.3,0,,,19.9,,1016.8,
2025-03-27 00:00:00,23.4,20.1,25.6,4.4,,,12.1,,1011.9,
2025-03-28 00:00:00,22.9,21.7,25.6,8.1,,,8.2,,1011.2,
2025-03-29 00:00:00,21.7,17.8,26.2,0,,,9.3,,1014.5,
2025-03-30 00:00:00,24.2,20.8,28.5,14.5,,,17.6,,1007.9,
2025-03-31 00:00:00,17.8,14,28.9,13.3,,,10.8,,1016.9,
2025-04-01 00:00:00,16.9,12.8,21.8,0,,,13.1,,1022.6,
2025-04-02 00:00:00,19.6,15.4,23,0,,,6.7,,1014.3,
2025-04-03 00:00:00,17.9,11,22.1,0,,,10.9,,1017.8,
2025-04-04 00:00:00,12,7.8,22.5,0,,,10.9,,1031,
2025-04-05 00:00:00,14.9,8.5,17.5,0,,,11.8,,1031.1,
2025-04-06 00:00:00,17.6,13.7,21,0,,,25,,1026.5,
2025-04-07 00:00:00,17.7,16.5,19.2,24.6,,,25.4,,1022.1,
2025-04-08 00:00:00,19.2,16,22.2,5,2,,31.4,,1018.4,
2025-04-09 00:00:00,19.9,18.6,21.5,0.4,,,27.9,,1018.9,
2025-04-10 00:00:00,19.9,18.1,22,0.3,,,23.8,,1017.9,
2025-04-11 00:00:00,21.1,19,24.1,0.4,,,17,,1015.8,
2025-04-12 00:00:00,20.8,18,23.2,1,,,10.7,,1014.7,
2025-04-13 00:00:00,18.4,13.6,23.5,0,,,6.1,,1018.7,
2025-04-14 00:00:00,17.7,14.5,23.1,0,,,14.2,,1019.4,
2025-04-15 00:00:00,17.6,16,20.8,0.2,,,15.9,,1017.6,
2025-04-16 00:00:00,17.1,14.3,19.5,0.5,,,10.9,,1015.6,
2025-04-17 00:00:00,17,13.5,19.7,16.9,1,,12.8,,1014.7,
2025-04-18 00:00:00,17.2,13.3,21.1,2.1,2,,8.8,,1016.9,
2025-04-19 00:00:00,15.4,11,21.7,0,,,8.5,,1021.9,
2025-04-20 00:00:00,15,11.7,19.5,0,,,8.1,,1021,
2025-04-21 00:00:00,16.3,13.7,18.7,0,,,9.3,,1018.4,
2025-04-22 00:00:00,18.7,15,21.6,0,,,9.4,,1015.4,
2025-04-23 00:00:00,20.7,16.6,25.6,0,,,8.7,,1013,
2025-04-24 00:00:00,19.2,17.5,25.6,0,,,11.8,,1013.4,
2025-04-25 00:00:00,20.4,17.3,24.2,13.2,,,9.6,,1008.2,
2025-04-26 00:00:00,18.8,15,24.5,14.5,5,,10.4,,1012.3,
2025-04-27 00:00:00,16.7,11.8,22.1,0,,,7.6,,1016.2,
2025-04-28 00:00:00,16.9,12.3,22.5,0,,,5.6,,1017.5,
2025-04-29 00:00:00,16.6,11.8,21.5,0,,,6.3,,1017.4,
2025-04-30 00:00:00,18,13.3,21.1,0,,,8.9,,1017.1,
2025-05-01 00:00:00,18.2,15.3,21.2,0,,,13.7,,1016.6,
2025-05-02 00:00:00,19,15.6,21.6,0,,,4.7,,1016.9,
2025-05-03 00:00:00,18.7,15.3,22.5,0,,,6.3,,1017.4,
2025-05-04 00:00:00,20.2,17.3,23.2,12.2,,,7.9,,1015.7,
2025-05-05 00:00:00,18.1,15.3,23.4,22.9,7,,19.7,,1017.7,
2025-05-06 00:00:00,19.7,15.9,22,11.5,,,14.5,,1013.3,
2025-05-07 00:00:00,19.9,18.5,21.4,29.1,,,16.8,,1010.1,
2025-05-08 00:00:00,18.8,16,20.9,1.3,,,11.4,,1008.3,
2025-05-09 00:00:00,18.1,14.3,21.7,0,,,7.9,,1013,
2025-05-10 00:00:00,18.5,15,22.1,0,,,8.4,,1020.3,
2025-05-11 00:00:00,17.1,14.5,22.5,0,,,13.3,,1026,
2025-05-12 00:00:00,16.8,13.8,19.7,0,,,17,,1023.5,
2025-05-13 00:00:00,18,14,20.5,0,,,12.7,,1017.7,
2025-05-14 00:00:00,19.6,15.7,22.2,0,,,8.7,,1017.5,
2025-05-15 00:00:00,20.4,17.7,22.9,22,,,7.4,,1015.4,
2025-05-16 00:00:00,20.2,18.2,21.7,18,,,13.6,,1014.3,
2025-05-17 00:00:00,18.9,17.3,21,10.4,9,,17,,1008.1,
2025-05-18 00:00:00,16.4,12.3,21,13.9,4,,10.5,,1015.4,
2025-05-19 00:00:00,13.4,10.3,18,1,,,8.2,,1020.2,
2025-05-20 00:00:00,12.9,9,17.5,0.3,,,4.9,,1022.3,
2025-05-21 00:00:00,12.9,11,17.5,0,,,10.3,,1023.7,
2025-05-22 00:00:00,12.6,9.2,15,0,,,11.1,,1025.4,
2025-05-23 00:00:00,13.6,10.8,16,0,,,18.7,,1023.8,
2025-05-24 00:00:00,15.1,11.5,16.5,2.4,,,15.4,,1021.4,
2025-05-25 00:00:00,15.1,14.1,17.1,0,,,12.2,,1018.2,
2025-05-26 00:00:00,17.1,13.6,18.6,0.8,,,11.4,,1012.1,
2025-05-27 00:00:00,15.5,12.4,19.2,0,2,,15.5,,1009.8,
2025-05-28 00:00:00,10.3,7.1,14.8,0,2,,11.5,,1022.8,
2025-05-29 00:00:00,10,6,13.1,0,,,6.5,,1025.2,
2025-05-30 00:00:00,10.2,5.5,14.2,0,,,11.5,,1022,
2025-05-31 00:00:00,12.4,7.5,17.5,0.3,,,7.5,,1021.4,
2025-06-01 00:00:00,11.6,5.4,18.1,0,,,7.1,,1023.4,
2025-06-02 00:00:00,12.3,8.1,17.3,0,,,13.3,,1020.6,
2025-06-03 00:00:00,12.8,9.6,17.6,0,,,6,,1016.6,
2025-06-04 00:00:00,13.6,10.3,17,0,,,8,,1013.3,
2025-06-05 00:00:00,12.5,9.3,17.4,0,,,8.6,,1019.8,
2025-06-06 00:00:00,12.2,8.3,17.1,0,,,7.6,,1020.9,
2025-06-07 00:00:00,12.9,8.8,17.5,0,,,4.3,,1020.5,
2025-06-08 00:00:00,12.1,10,13.7,0,,,8.8,,1022.8,
2025-06-09 00:00:00,9.8,7.3,14.4,0,,,7.7,,1025.5,
2025-06-10 00:00:00,10.4,6,14,0,,,6.1,,1024.9,
2025-06-11 00:00:00,12.6,8.7,15,0,,,14.7,,1027,
2025-06-12 00:00:00,13.4,10.3,16.5,0,,,22.5,,1021,
2025-06-13 00:00:00,13.3,10.4,16.9,13,,,12.7,,1017.4,
2025-06-14 00:00:00,12.1,10.8,14,19.4,1,,10.7,,1015.3,
2025-06-15 00:00:00,9.9,5.3,12.7,0,,,8.8,,1015.5,
2025-06-16 00:00:00,11.2,6.8,14,2.6,,,15.4,,1014.9,
2025-06-17 00:00:00,12.2,8.8,14.2,0.3,,,7.4,,1017.5,
2025-06-18 00:00:00,11.1,6.5,16.2,0,,,6,,1023.7,
2025-06-19 00:00:00,11.4,6.5,16.5,0,,,4.5,,1025.2,
2025-06-20 00:00:00,12.2,8.3,17.1,0,,,7.3,,1020.6,
2025-06-21 00:00:00,12.3,8.1,17.6,0,,,10.9,,1012.6,
2025-06-22 00:00:00,12.3,9.8,17,0.6,,,14,,1006.7,
2025-06-23 00:00:00,6.6,3.1,15,1.9,,,18,,1010.5,
2025-06-24 00:00:00,8.3,3,14,0,,,14.4,,1012.9,
2025-06-25 00:00:00,10.4,4.1,14.3,0,,,15.1,,1013.2,
2025-06-26 00:00:00,9.9,4.4,15,0,,,5.7,,1019.3,
2025-06-27 00:00:00,10.7,5.8,15.5,0,,,8,,1022.2,
2025-06-28 00:00:00,10.6,8,12.7,0,,,13.1,,1021.1,
2025-06-29 00:00:00,7.1,4.6,13,0.4,,,12.8,,1028.7,
2025-06-30 00:00:00,4.4,2.7,9.4,0,,,10.4,,1031,
2025-07-01 00:00:00,5.2,1.7,10,0,,,5.8,,1033.2,
2025-07-02 00:00:00,5.8,1.5,10,0,,,8.2,,1035.1,
2025-07-03 00:00:00,9.1,3.7,12.7,0,,,13.7,,1030.5,
2025-07-04 00:00:00,10.5,6.7,13.3,0,,,9.7,,1025.2,
2025-07-05 00:00:00,11.2,8,12.5,0,,,14,,1025.8,
2025-07-06 00:00:00,11,9.1,13.7,0,,,16.9,,1023.6,
2025-07-07 00:00:00,13.3,9.8,19.5,0,,,6.7,,1023.5,
2025-07-08 00:00:00,10.7,9.5,12.5,0,,,5.7,,1024.7,
2025-07-09 00:00:00,11.9,8.8,15,0,,,11.9,,1025.3,
2025-07-10 00:00:00,12.5,11.2,16,0.1,,,8.4,,1025.7,
2025-07-11 00:00:00,12.6,9.5,14.5,0,,,6.8,,1026.6,
2025-07-12 00:00:00,12.3,10.2,14.2,0,,,9.6,,1026.7,
2025-07-13 00:00:00,13.2,11.3,15,0,,,10.1,,1025.4,
2025-07-14 00:00:00,11.9,10,15,0,,,14.1,,1022.9,
2025-07-15 00:00:00,14.9,9.7,17.2,5.5,,,10.2,,1016,
2025-07-16 00:00:00,13.6,10.2,17.1,16.3,,,13.4,,1015.2,
2025-07-17 00:00:00,9,7.7,11.2,0,,,11.7,,1020.8,
2025-07-18 00:00:00,10.2,5.8,15.2,0,,,10.6,,1021,
2025-07-19 00:00:00,11.4,7.3,16.6,0,,,14.8,,1020.2,
2025-07-20 00:00:00,12.9,8.3,16.8,0,,,7.7,,1018.9,
2025-07-21 00:00:00,13.9,10.5,17.3,0,,,6.1,,1016.2,
2025-07-22 00:00:00,12.2,10.4,16.5,0,,,9.6,,1021.7,
2025-07-23 00:00:00,9.2,6.3,13.6,0,,,18.5,,1029.3,
2025-07-24 00:00:00,11.1,7.2,13.6,0,,,17.7,,1023.3,
2025-07-25 00:00:00,12.4,9.9,14,7.3,,,10,,1015.3,
2025-07-26 00:00:00,9.9,7.5,13.6,0,,,19.5,,1021.6,
2025-07-27 00:00:00,10.3,7.4,12.5,0,,,20.2,,1021.9,
2025-07-28 00:00:00,11.3,9.3,14.2,0,,,12.7,,1027.4,
2025-07-29 00:00:00,10.8,8,14.8,0,,,10.6,,1026.1,
2025-07-30 00:00:00,13.3,8.6,16.2,0,,,16,,1019.2,
2025-07-31 00:00:00,14.3,10.8,17.1,0,,,13.4,,1014.2,
2025-08-01 00:00:00,16,12.3,17.5,15.6,2,,9.6,,1007.5,
2025-08-02 00:00:00,15.8,12.4,19.2,0,1,,8,,1012.1,
2025-08-03 00:00:00,14.2,12.1,17.6,0,,,7.1,,1021.4,
2025-08-04 00:00:00,13,9.9,18,0,,,9.6,,1029.9,
2025-08-05 00:00:00,10,8.5,12.1,0,,,13.3,,1031.5,
2025-08-06 00:00:00,11.1,8.3,14,0,,,10,,1024.4,
2025-08-07 00:00:00,11,7.5,14.3,0,,,9.7,,1024.7,
2025-08-08 00:00:00,10.1,5.8,13.7,0,,,8.6,,1027.6,
2025-08-09 00:00:00,10,6.5,14.9,0,,,7.2,,1025,
2025-08-10 00:00:00,12,7.7,15.6,0,,,8.8,,1024.6,
2025-08-11 00:00:00,12.9,9.6,18,0,,,10.3,,1021.7,
2025-08-12 00:00:00,14.7,9.5,21.6,0,,,13.4,,1015,
2025-08-13 00:00:00,13.1,10.3,21.7,0,,,14.8,,1024.2,
2025-08-14 00:00:00,8.8,7.5,9.7,0,,,14.6,,1032.1,
2025-08-15 00:00:00,8.2,7,10.1,0,,,21.4,,1029.8,
2025-08-16 00:00:00,10.7,6.8,12.6,0.1,,,21.3,,1023.1,
2025-08-17 00:00:00,12.6,10,13.5,0,,,15.2,,1021.7,
2025-08-18 00:00:00,13.9,12.6,16,1.3,,,18.1,,1020,
2025-08-19 00:00:00,14.6,12.2,16.1,67.3,3,,31.5,,1006.4,
2025-08-20 00:00:00,15.1,12.6,17.7,13.2,6,,14.4,,1001.1,
2025-08-21 00:00:00,14.3,9.1,18,0,1,,9.5,,1010.4,
2025-08-22 00:00:00,15.6,12.8,19.5,0.2,,,11.4,,1005.9,
2025-08-23 00:00:00,12.6,9.7,20.2,0,,,11.2,,1021.2,
2025-08-24 00:00:00,11.9,6.3,18,0,,,17.6,,1022.4,
2025-08-25 00:00:00,14.5,11,21,0,,,12.3,,1020.5,
2025-08-26 00:00:00,14.4,11,18,0,,,7.8,,1025.9,
2025-08-27 00:00:00,15.2,12,19,0,,,10,,1026.5,
2025-08-28 00:00:00,15.3,13,18,0,,,13.2,,1023.6,
2025-08-29 00:00:00,16.8,15,20,0,,,16.4,,1018.6,
2025-08-30 00:00:00,17.2,15,20,0,,,19.5,,1018.2,
2025-08-31 00:00:00,16.9,15,18,13.9,,,21.2,,1013.9,
2025-09-01 00:00:00,13.5,11,18,18,,,13.1,,1014,
2025-09-02 00:00:00,12.1,10,14,1.5,,,12.9,,1016.2,
2025-09-03 00:00:00,13,11,17,0,,,7.8,,1014.8,
2025-09-04 00:00:00,9.2,6,12,0,,,10.9,,1025.8,
2025-09-05 00:00:00,9.9,6,14,0,,,6.5,,1029.8,
2025-09-06 00:00:00,10.5,7,13,0,,,8.4,,1028.6,
2025-09-07 00:00:00,12.6,11,15,0,,,16.6,,1024.1,
2025-09-08 00:00:00,14.3,13,16,0,,,9,,1016.5,
2025-09-09 00:00:00,16.2,12,22,0,,,7.3,,1016.9,
2025-09-10 00:00:00,17.5,14,22,0,,,12.4,,1015.9,
2025-09-11 00:00:00,17.8,14,23,0,,,7.7,,1023.4,
2025-09-12 00:00:00,16.2,13,19,0,,,11.9,,1023.4,
2025-09-13 00:00:00,15.6,13,19,0,,,20.3,,1017.9,
2025-09-14 00:00:00,17.3,14,21,0.1,,,12,,1017.5,
2025-09-15 00:00:00,15.8,14,17,2.4,,,13.4,,1019,
2025-09-16 00:00:00,15.1,14,17,0,,,12,,1018.7,
2025-09-17 00:00:00,17.8,16,20,0,,,12.9,,1018,
2025-09-18 00:00:00,18.7,17,20,10.6,,,13.7,,1015.5,
2025-09-19 00:00:00,18.4,18,19,17.8,,,12.8,,1012,
2025-09-20 00:00:00,16.9,13,19,40.7,,,26.4,,1009.5,
2025-09-21 00:00:00,14.1,13,16,0,,,11.5,,1004.5,
2025-09-22 00:00:00,15.6,11,20,0,,,10.4,,1009.5,
2025-09-23 00:00:00,15.1,11,18,0,,,7.9,,1020,
2025-09-24 00:00:00,12.5,9,15,0,,,20.5,,1033,
2025-09-25 00:00:00,13.2,10,17,0,,,23.2,,1031.6,
2025-09-26 00:00:00,16.7,12,21,0.6,,,25.6,,1019.7,
2025-09-27 00:00:00,16.1,15,19,16.1,,,23.8,,1010.8,
2025-09-28 00:00:00,17.2,11,22,0,,,7.8,,1014.1,
2025-09-29 00:00:00,18,14,21,0.7,,,8.6,,1016.5,
2025-09-30 00:00:00,19.3,16,25,0,,,9,,1021,
2025-10-01 00:00:00,17.9,14,21,0,,,9.5,,1026,
2025-10-02 00:00:00,19.1,17,21,0,,,14,,1022.2,
2025-10-03 00:00:00,19.7,17,22,0,,,14.1,,1014,
2025-10-04 00:00:00,22.9,20,26,0,,,12.2,,1007,
2025-10-05 00:00:00,18.9,13,23,14.7,,,16.3,,1006.7,
2025-10-06 00:00:00,13.5,10,16,0,,,10.2,,1018,
2025-10-07 00:00:00,16.6,11,23,0,,,12.1,,1020.5,
2025-10-08 00:00:00,19.3,15,23,0,,,7.9,,1021.8,
2025-10-09 00:00:00,20.4,16,24,0,,,8.6,,1018.3,
2025-10-10 00:00:00,21.1,17,25,0,,,6.2,,1014.1,
2025-10-11 00:00:00,21.5,20,23,0.6,,,12.6,,1006.9,
2025-10-12 00:00:00,16.1,14,20,1.1,,,13.2,,1004,
2025-10-13 00:00:00,19,13,25,0,,,13,,1007.5,
2025-10-14 00:00:00,19.2,16,21,0,,,15.8,,1014.7,
2025-10-15 00:00:00,21.7,18,25,0,,,13.8,,1013,
2025-10-16 00:00:00,21.8,19,25,0,,,11.7,,1013.8,
2025-10-17 00:00:00,20,17,21,0,,,14.5,,1017.1,
2025-10-18 00:00:00,16.8,14,20,0,,,17.8,,1025.6,
2025-10-19 00:00:00,16.8,13,20,0,,,19.9,,1025.8,
2025-10-20 00:00:00,19.4,15,23,0,,,21.7,,1021.8,
2025-10-21 00:00:00,21.6,17,26,0,,,16.7,,1017.6,
2025-10-22 00:00:00,21.5,20,25,0.6,,,14.5,,1017.9,
2025-10-23 00:00:00,23.8,21,28,0.4,,,11.2,,1012.2,
2025-10-24 00:00:00,20.6,20,22.5,19.8,,,16.4,,1008.6,
2025-10-25 00:00:00,16.4,14,20,12.6,,,11.5,,1009.9,
2025-10-26 00:00:00,17.2,11,22,0,,,11.7,,1016.2,
2025-10-27 00:00:00,12.7,11,17,0.4,,,15,,1024.2,
2025-10-28 00:00:00,11.8,8,15,0,,,18.5,,1030,
2025-10-29 00:00:00,13.8,10,17,2.7,,,20.2,,1028.8,
2025-10-30 00:00:00,16.3,14,18,0,,,19.5,,1023.6,
2025-10-31 00:00:00,18.2,15,22,0,,,16,,1015.3,
2025-11-01 00:00:00,20.9,17,25,0,,,8.7,,1012.7,
2025-11-02 00:00:00,19.9,18,22,0.4,,,12.2,,1012.9,
2025-11-03 00:00:00,21.3,18,25,0.3,,,15,,1012.3,
2025-11-04 00:00:00,19.6,17,22,7.1,,,12.1,,1011.5,
2025-11-05 00:00:00,16.4,14,20,0,,,16.9,,1021.4,
2025-11-06 00:00:00,15.5,13,17,0.2,,,22.6,,1019.7,
2025-11-07 00:00:00,15.5,14,17,4.5,,,17,,1014.5,
2025-11-08 00:00:00,16.7,13,20,1.6,,,11.6,,1018.5,
2025-11-09 00:00:00,19.3,15,23,0,,,8.1,,1020.5,
2025-11-10 00:00:00,21.4,18,24,0,,,11.6,,1020,
2025-11-11 00:00:00,22,17,27,9.3,,,16.2,,1013.2,
2025-11-12 00:00:00,21.3,15,26,0,,,8.5,,1014.8,
2025-11-13 00:00:00,22.2,18,26,0,,,6.7,,1018.6,
2025-11-14 00:00:00,23.8,19,28,0,,,9.1,,1017.4,
2025-11-15 00:00:00,25.3,21,29,0.1,,,12.2,,1009.4,
2025-11-16 00:00:00,20.5,16,26,14.2,,,16.1,,1004.6,
2025-11-17 00:00:00,17.8,12,23,0,,,13,,1013.6,
2025-11-18 00:00:00,21.9,17,28,0,,,16.4,,1005.2,
2025-11-19 00:00:00,19.4,17,22,0,,,20,,1011.1,
2025-11-20 00:00:00,19,16,22,36.5,,,19.5,,1006.8,
2025-11-21 00:00:00,16.7,15,18,1.6,,,13.6,,1014.7,
2025-11-22 00:00:00,16.2,12,19,0,,,15.1,,1021.6,
2025-11-23 00:00:00,18.5,16,21,0,,,17.4,,1020.5,
2025-11-24 00:00:00,20.4,18,24,0,,,17.8,,1015.3,
2025-11-25 00:00:00,22.5,19,26,0,,,11.6,,1013.4,
2025-11-26 00:00:00,24.2,20,28,0,,,15.5,,1012.8,
2025-11-27 00:00:00,25.2,22,29,0.1,,,11.9,,1009.4,
2025-11-28 00:00:00,22.9,18,25,0,,,18.4,,1012.6,
2025-11-29 00:00:00,17.9,16,19,22.4,,,23.4,,1013,
2025-11-30 00:00:00,18.9,18,20,6.2,,,27,,1012.7,
2025-12-01 00:00:00,20.3,18,25,3.1,,,13.9,,1010.8,
2025-12-02 00:00:00,21.5,17,24,0,,,8.3,,1011.3,
2025-12-03 00:00:00,25.5,20,32,1,,,11.7,,1011.8,
2025-12-04 00:00:00,27.4,23,32,0,,,12.8,,1010.1,
2025-12-05 00:00:00,27.1,24,31,0,,,10.5,,1009,
2025-12-06 00:00:00,27.5,22,31,0,,,10.5,,1010.7,
2025-12-07 00:00:00,21.6,19,25,0,,,23.9,,1016.8,
2025-12-08 00:00:00,21.9,20,24,0,,,23.5,,1014.8,
2025-12-09 00:00:00,22.3,21,23,2.2,,,18.3,,1008.1,
2025-12-10 00:00:00,23.6,20,26,0.9,,,9.3,,1005.6,
2025-12-11 00:00:00,24.9,19,31,0.6,,,10.2,,1002.1,
2025-12-12 00:00:00,27.6,20,34,0,,,11.6,,999.8,
2025-12-13 00:00:00,26.7,22,31,0,,,13.2,,1002.8,
2025-12-14 00:00:00,22.1,20,24,8.3,,,15.2,,1008.8,
2025-12-15 00:00:00,22.2,19,26,0.1,,,10.5,,1009.7,
2025-12-16 00:00:00,21.1,16,25,0,,,10,,1015.8,
2025-12-17 00:00:00,23.4,19,29,0,,,17.4,,1012.5,
2025-12-18 00:00:00,26.3,22,31,0,,,17,,1008.7,
2025-12-19 00:00:00,24.2,20,28,0,,,23.3,,1009.6,
2025-12-20 00:00:00,25,22,27,3.5,,,8.6,,1005.9,
2025-12-21 00:00:00,24.8,22,28,7.5,,,6.2,,1006.2,
2025-12-22 00:00:00,24.4,22,26,0,,,11.6,,1007.8,
2025-12-23 00:00:00,25.6,22,30,0.4,,,10.2,,1007.6,
2025-12-24 00:00:00,29,25,34,0,,,11.5,,1007.4,
2025-12-25 00:00:00,24.7,22,27,0,,,19.4,,1010.9,
2025-12-26 00:00:00,26.8,22,31,0,,,12.2,,1008.3,
2025-12-27 00:00:00,29.2,25,35,0.1,,,14.5,,1007.4,
2025-12-28 00:00:00,27.7,26,31,0,,,18.5,,1010.4,
2025-12-29 00:00:00,27.7,24,31,0,,,10.3,,1010.6,
2025-12-30 00:00:00,29.7,26,33,0,,,11.9,,1009.6,
2025-12-31 00:00:00,32.3,28,38,0,,,13.2,,1008,
2026-01-01 00:00:00,24.8,21,28,0,,,16.5,,1008.4,
2026-01-02 00:00:00,23.2,19,27,1,,,11,,1007.5,
2026-01-03 00:00:00,18.9,13,24,0,,,15.1,,1014.2,
2026-01-04 00:00:00,19.2,15,23,0,,,9.5,,1019.3,
2026-01-05 00:00:00,22.3,17,26,0,,,12.8,,1016.5,
2026-01-06 00:00:00,25.6,22,30,0,,,16.9,,1010.8,
2026-01-07 00:00:00,23.8,18,28,0.8,,,14.8,,1012.2,
2026-01-08 00:00:00,19.5,16,23,0,,,24.6,,1019.3,
2026-01-09 00:00:00,21.5,20,24,0.5,,,28,,1015.9,
2026-01-10 00:00:00,20.3,18,23,5.7,,,10.2,,1010.9,
2026-01-11 00:00:00,23.2,18,28,0,,,8.7,,1010.1,
2026-01-12 00:00:00,26.8,22,30,0,,,10.1,,1010.5,
2026-01-13 00:00:00,27,25,31,4.8,,,12.8,,1011.7,
2026-01-14 00:00:00,26.7,23,32,0,,,13.2,,1010.5,
2026-01-15 00:00:00,27.2,22,32,1.3,,,14,,1008.1,
2026-01-16 00:00:00,24.1,20,27,0.7,,,19.3,,1014.8,
2026-01-17 00:00:00,27,23,31,0,,,14.6,,1010.5,
2026-01-18 00:00:00,22.9,20,27,4.7,,,21.9,,1015.3,
2026-01-19 00:00:00,19.7,16,23,0,,,17.8,,1021,
2026-01-20 00:00:00,22.8,20,26,0,,,19.1,,1018,
2026-01-21 00:00:00,24.1,21,28,0,,,19.6,,1015.8,
2026-01-22 00:00:00,24.5,22,28,0,,,18.7,,1015.4,
2026-01-23 00:00:00,25.4,23,29,0,,,19.6,,1015,
2026-01-24 00:00:00,26.3,23,30,0,,,16.4,,1014,
2026-01-25 00:00:00,26.9,25,30,0,,,15,,1013.3,
2026-01-26 00:00:00,28.5,26,32,0,,,12.2,,1012.4,
2026-01-27 00:00:00,25.8,23,29,0.5,,,14,,1014.8,
2026-01-28 00:00:00,24.5,21,28,0,,,17.2,,1016.2,
2026-01-29 00:00:00,25,22,28,0,,,20.8,,1015.7,
2026-01-30 00:00:00,25.3,24,28,0.4,,,24.4,,1014.6,
2026-01-31 00:00:00,24.3,23,26,0.8,,,20.9,,1011.6,
2026-02-01 00:00:00,25,21,28,0,,,12.4,,1009,
2026-02-02 00:00:00,27.1,24,31,0,,,10.9,,1006.3,
2026-02-03 00:00:00,28.2,25,34,0,,,8.5,,1005.5,
2026-02-04 00:00:00,24.8,22,28,0.6,,,12,,1010.2,
2026-02-05 00:00:00,25.3,24,26,1,,,9.8,,1010.8,
2026-02-06 00:00:00,23.6,19,27,0,,,13.8,,1015.1,
2026-02-07 00:00:00,25.4,19,32,0,,,8.5,,1015.6,
2026-02-08 00:00:00,25.7,23,29,0,,,16.4,,1014.2,
2026-02-09 00:00:00,26.4,23.7,29.4,0,,,16.9,,1010.4,
2026-02-10 00:00:00,27.5,,,,,,10.4,,1008.6,
2026-02-11 00:00:00,,,,,,,,,,
2026-02-12 00:00:00,,,,,,,,,,
2026-02-13 00:00:00,22.5,19,26,,,,9.6,,1019.2,
2026-02-14 00:00:00,22.5,19,25,0.4,,,14.7,,1018.5,
2026-02-15 00:00:00,23.2,19,25,15.6,,,6.7,,1011.8,
2026-02-16 00:00:00,24.3,21.3,26.9,0,,,15.1,,1014,
2026-02-17 00:00:00,24.2,21.5,27.5,0,,,22.7,,1013.4,
2026-02-18 00:00:00,,,,,,,,,,
2026-02-19 00:00:00,,,,,,,,,,
2026-02-20 00:00:00,,,,,,,,,,
2026-02-21 00:00:00,,,,,,,,,,
